{"cameraMode":{"drawMode":0,"name":"Shaded","section":"Shading Mode"},"sceneLighting":true,"audioPlay":false,"sceneViewState":{"m_AlwaysRefresh":false,"showFog":true,"showSkybox":true,"showFlares":true,"showImageEffects":true,"showParticleSystems":true,"showVisualEffectGraphs":true,"m_FxEnabled":true},"in2DMode":false,"pivot":{"x":-30.315553665161134,"y":-0.528399646282196,"z":3.0014047622680666},"rotation":{"x":-0.013176043517887593,"y":0.6680300831794739,"z":-0.011831833980977536,"w":-0.7439258694648743},"size":18.45848274230957,"orthographic":false}