{"cameraMode":{"drawMode":0,"name":"Shaded","section":"Shading Mode"},"sceneLighting":true,"audioPlay":false,"sceneViewState":{"m_AlwaysRefresh":false,"showFog":true,"showSkybox":true,"showFlares":true,"showImageEffects":true,"showParticleSystems":true,"showVisualEffectGraphs":true,"m_FxEnabled":true},"in2DMode":false,"pivot":{"x":-1.7250008583068848,"y":0.768885612487793,"z":23.90198516845703},"rotation":{"x":0.02354101650416851,"y":-0.11849410086870194,"z":0.0028062991332262756,"w":0.9926849603652954},"size":13.561636924743653,"orthographic":false}